{
  "audio_file": "deepfake_audio/derek_fake_cosmo_quote.wav",
  "analysis_timestamp": "2025-08-05T14:03:02.274714",
  "overall_deepfake_score": 0.7699261498451233,
  "risk_level": "HIGH",
  "component_scores": {
    "deepfake_model": 0.9998522996902466,
    "model_confidence": 0.9998522996902466,
    "speech_score": 0.85,
    "spectral": 0.0,
    "phase": 0.6,
    "micro_temporal": 0.2,
    "anomaly": 0.3
  },
  "audio_features": {
    "spectral_centroid_mean": 1283.4714298302956,
    "spectral_centroid_std": 835.9234535162772,
    "spectral_rolloff_mean": 2365.48828125,
    "spectral_rolloff_std": 1728.1268576530972,
    "zcr_mean": 0.100782470703125,
    "zcr_std": 0.08980894724104463,
    "mfcc_0_mean": -255.6713104248047,
    "mfcc_0_std": 107.09486389160156,
    "mfcc_1_mean": 110.67095947265625,
    "mfcc_1_std": 63.35798645019531,
    "mfcc_2_mean": 12.307568550109863,
    "mfcc_2_std": 44.47480010986328,
    "mfcc_3_mean": 16.274438858032227,
    "mfcc_3_std": 41.271827697753906,
    "mfcc_4_mean": -16.8444881439209,
    "mfcc_4_std": 31.489408493041992,
    "mfcc_5_mean": -12.265480041503906,
    "mfcc_5_std": 17.773563385009766,
    "mfcc_6_mean": -23.338817596435547,
    "mfcc_6_std": 17.352949142456055,
    "mfcc_7_mean": -14.11019515991211,
    "mfcc_7_std": 16.23222541809082,
    "mfcc_8_mean": -14.643285751342773,
    "mfcc_8_std": 17.56307601928711,
    "mfcc_9_mean": -8.258145332336426,
    "mfcc_9_std": 15.265997886657715,
    "mfcc_10_mean": -9.218544006347656,
    "mfcc_10_std": 9.566774368286133,
    "mfcc_11_mean": -8.23437786102295,
    "mfcc_11_std": 11.267180442810059,
    "mfcc_12_mean": -7.231903076171875,
    "mfcc_12_std": 9.766508102416992,
    "mfcc_13_mean": 0.3230484127998352,
    "mfcc_13_std": 8.69261646270752,
    "mfcc_14_mean": -9.881404876708984,
    "mfcc_14_std": 7.673361778259277,
    "mfcc_15_mean": -5.4202351570129395,
    "mfcc_15_std": 7.60870885848999,
    "mfcc_16_mean": -7.959831714630127,
    "mfcc_16_std": 6.583967685699463,
    "mfcc_17_mean": -8.964061737060547,
    "mfcc_17_std": 6.7929768562316895,
    "mfcc_18_mean": -10.49732780456543,
    "mfcc_18_std": 6.235723495483398,
    "mfcc_19_mean": -5.4557037353515625,
    "mfcc_19_std": 6.613840579986572,
    "spectral_contrast_0_mean": 26.370439710358728,
    "spectral_contrast_1_mean": 18.167530139591936,
    "spectral_contrast_2_mean": 21.07020196057104,
    "spectral_contrast_3_mean": 19.625669507816564,
    "spectral_contrast_4_mean": 19.331496426464334,
    "spectral_contrast_5_mean": 18.830560005540537,
    "spectral_contrast_6_mean": 50.57488459509633,
    "chroma_mean": 0.31178298592567444,
    "chroma_std": 0.3185785412788391,
    "mean": 6.870191526786584e-08,
    "std": 0.13982029259204865,
    "max": 1.0002357959747314,
    "kurtosis": 5.93060386966601,
    "skewness": 0.28536797618260745,
    "energy_mean": 7.837040424346924,
    "energy_std": 12.204795837402344,
    "energy_skew": 2.1492129963904913,
    "silence_ratio": 0.11442006269592477,
    "micro_temporal_variance": 0.013327176682651043,
    "micro_temporal_mean": 0.11904510855674744,
    "spectral_flux_mean": 6172.7470703125,
    "spectral_flux_std": 8978.7607421875,
    "phase_coherence_mean": -0.004104424470018495,
    "phase_coherence_std": 0.05085537089812128,
    "mfcc_delta_variance": 58.392826080322266,
    "mfcc_delta2_variance": 17.50467872619629,
    "bandwidth_mean": 1286.4721663682085,
    "bandwidth_std": 568.5313810823875,
    "bandwidth_cv": 0.4419305722295233,
    "high_freq_ratio": NaN
  },
  "model_predictions": {
    "deepfake_detection": [
      {
        "score": 0.9998522996902466,
        "label": "fake"
      },
      {
        "score": 0.00014769531844649464,
        "label": "real"
      }
    ],
    "deepfake_classifier_score": 0.9998522996902466,
    "real_classifier_score": 0.00014769531844649464,
    "embedding_stats": {
      "mean": -0.002708693267777562,
      "std": 0.3354494869709015,
      "max": 5.3299736976623535,
      "min": -5.7260823249816895,
      "range": 11.056056022644043
    },
    "speech_characteristics": {
      "zcr_mean": 0.100782470703125,
      "rms_mean": 0.11115261167287827,
      "speech_likelihood_score": 1.1202234829497684
    },
    "spectral_anomaly": {
      "centroid_variance": 698768.0201385797,
      "rolloff_variance": 2986422.436141968,
      "anomaly_score": 0.9974102637527764
    }
  }
}